{
  "model": "Hybrid_RAG_Qwen_Generator",
  "rouge": {
    "rouge1": 0.12514872352658402,
    "rouge2": 0.020433662396775104,
    "rougeL": 0.09140129231013215,
    "rougeLsum": 0.09957948427463428
  },
  "bleu": 0.5703721175956207,
  "eval_size": 50
}