model,rouge1,rouge2,rougeL,bleu
TFIDF_Nearest_Response,0.13290981410891023,0.015179047430884239,0.09952373214878227,0.9881245260932446
Hybrid_RAG_Qwen_Generator,0.12514872352658402,0.020433662396775104,0.09140129231013215,0.5703721175956207
