{
  "model": "TFIDF_Nearest_Response",
  "rouge": {
    "rouge1": 0.13290981410891023,
    "rouge2": 0.015179047430884239,
    "rougeL": 0.09952373214878227,
    "rougeLsum": 0.09929153844300587
  },
  "bleu": 0.9881245260932446
}